scenario,K,T,c1_req,c2_req,alpha_req,n,acc_sum,spent_sum,spent_sumsq,error_cnt,permute_mu,base_perm_seed,acc_mean,acc_std,acc_sem,acc_ci95,spent_mean,spent_std
unique_best,32,20000,0.0,1.0,0.0,5000,133,100000000.0,2000000000000.0,0,1,77777,0.0266,0.16091127990293283,0.0022756291437754086,0.004460233121799801,20000.0,0.0
unique_best,32,20000,0.0,1.0,0.05,5000,4070,100000000.0,2000000000000.0,0,1,77777,0.814,0.38910666917954523,0.00550279928763534,0.010785486603765266,20000.0,0.0
unique_best,32,20000,0.0,1.0,0.1,5000,4674,100000000.0,2000000000000.0,0,1,77777,0.9348,0.2468784316217195,0.0034913882625683445,0.006843120994633955,20000.0,0.0
unique_best,32,20000,0.0,1.0,0.15000000000000002,5000,4869,100000000.0,2000000000000.0,0,1,77777,0.9738,0.15972964659073155,0.0022589183252167393,0.004427479917424809,20000.0,0.0
unique_best,32,20000,0.0,1.0,0.2,5000,4938,100000000.0,2000000000000.0,0,1,77777,0.9876,0.11066273085370687,0.001565007348225558,0.0030674144025220934,20000.0,0.0
unique_best,32,20000,0.0,1.0,0.25,5000,4970,100000000.0,2000000000000.0,0,1,77777,0.994,0.07722693830523132,0.0010921538353180842,0.002140621517223445,20000.0,0.0
unique_best,32,20000,0.0,1.0,0.30000000000000004,5000,4984,100000000.0,2000000000000.0,0,1,77777,0.9968,0.05647796030311276,0.0007987189743583133,0.0015654891897422941,20000.0,0.0
unique_best,32,20000,0.0,1.0,0.35000000000000003,5000,4993,100000000.0,2000000000000.0,0,1,77777,0.9986,0.03739037309254826,0.0005287797272967179,0.001036408265501567,20000.0,0.0
unique_best,32,20000,0.0,1.0,0.4,5000,4997,100000000.0,2000000000000.0,0,1,77777,0.9994,0.02448754785600316,0.0003463062228721987,0.0006787601968295094,20000.0,0.0
unique_best,32,20000,0.0,1.0,0.45,5000,4995,100000000.0,2000000000000.0,0,1,77777,0.999,0.03160696125855823,0.0004469899327725404,0.0008761002682341792,20000.0,0.0
unique_best,32,20000,0.0,1.0,0.5,5000,5000,100000000.0,2000000000000.0,0,1,77777,1.0,0.0,0.0,0.0,20000.0,0.0
unique_best,32,20000,0.0,1.0,0.55,5000,4999,100000000.0,2000000000000.0,0,1,77777,0.9998,0.01414072133945005,0.00019997999899988897,0.0003919607980397824,20000.0,0.0
unique_best,32,20000,0.0,1.0,0.6000000000000001,5000,5000,100000000.0,2000000000000.0,0,1,77777,1.0,0.0,0.0,0.0,20000.0,0.0
unique_best,32,20000,0.0,1.0,0.65,5000,5000,100000000.0,2000000000000.0,0,1,77777,1.0,0.0,0.0,0.0,20000.0,0.0
unique_best,32,20000,0.0,1.0,0.7000000000000001,5000,5000,100000000.0,2000000000000.0,0,1,77777,1.0,0.0,0.0,0.0,20000.0,0.0
unique_best,32,20000,0.0,1.0,0.75,5000,5000,100000000.0,2000000000000.0,0,1,77777,1.0,0.0,0.0,0.0,20000.0,0.0
unique_best,32,20000,0.0,1.0,0.8,5000,5000,100000000.0,2000000000000.0,0,1,77777,1.0,0.0,0.0,0.0,20000.0,0.0
unique_best,32,20000,0.0,1.0,0.8500000000000001,5000,5000,100000000.0,2000000000000.0,0,1,77777,1.0,0.0,0.0,0.0,20000.0,0.0
unique_best,32,20000,0.0,1.0,0.9,5000,5000,100000000.0,2000000000000.0,0,1,77777,1.0,0.0,0.0,0.0,20000.0,0.0
unique_best,32,20000,0.0,1.0,0.9500000000000001,5000,5000,100000000.0,2000000000000.0,0,1,77777,1.0,0.0,0.0,0.0,20000.0,0.0
unique_best,32,20000,0.0,1.0,1.0,5000,5000,100000000.0,2000000000000.0,0,1,77777,1.0,0.0,0.0,0.0,20000.0,0.0
unique_best,32,20000,0.25,0.75,0.0,5000,4992,100000000.0,2000000000000.0,0,1,77777,0.9984,0.039967987189750316,0.0005652326954449902,0.0011078560830721806,20000.0,0.0
unique_best,32,20000,0.25,0.75,0.05,5000,4410,100000000.0,2000000000000.0,0,1,77777,0.882,0.32260812141048156,0.004562367806304091,0.008942240900356018,20000.0,0.0
unique_best,32,20000,0.25,0.75,0.1,5000,4833,100000000.0,2000000000000.0,0,1,77777,0.9666,0.1796787132634247,0.002541040731668817,0.0049804398340708815,20000.0,0.0
unique_best,32,20000,0.25,0.75,0.15000000000000002,5000,4937,100000000.0,2000000000000.0,0,1,77777,0.9874,0.11154030661603878,0.001577418143676555,0.0030917395616060477,20000.0,0.0
unique_best,32,20000,0.25,0.75,0.2,5000,4978,100000000.0,2000000000000.0,0,1,77777,0.9956,0.06618640343756382,0.000936017093861,0.0018345935039675598,20000.0,0.0
unique_best,32,20000,0.25,0.75,0.25,5000,4988,100000000.0,2000000000000.0,0,1,77777,0.9976,0.04893097178679326,0.000691988439209783,0.0013562973408511746,20000.0,0.0
unique_best,32,20000,0.25,0.75,0.30000000000000004,5000,4994,100000000.0,2000000000000.0,0,1,77777,0.9988,0.03462022530255947,0.0004896039215529179,0.000959623686243719,20000.0,0.0
unique_best,32,20000,0.25,0.75,0.35000000000000003,5000,4999,100000000.0,2000000000000.0,0,1,77777,0.9998,0.01414072133945005,0.00019997999899988897,0.0003919607980397824,20000.0,0.0
unique_best,32,20000,0.25,0.75,0.4,5000,5000,100000000.0,2000000000000.0,0,1,77777,1.0,0.0,0.0,0.0,20000.0,0.0
unique_best,32,20000,0.25,0.75,0.45,5000,4998,100000000.0,2000000000000.0,0,1,77777,0.9996,0.01999599959991888,0.0002827861382741226,0.0005542608310172803,20000.0,0.0
unique_best,32,20000,0.25,0.75,0.5,5000,5000,100000000.0,2000000000000.0,0,1,77777,1.0,0.0,0.0,0.0,20000.0,0.0
unique_best,32,20000,0.25,0.75,0.55,5000,5000,100000000.0,2000000000000.0,0,1,77777,1.0,0.0,0.0,0.0,20000.0,0.0
unique_best,32,20000,0.25,0.75,0.6000000000000001,5000,5000,100000000.0,2000000000000.0,0,1,77777,1.0,0.0,0.0,0.0,20000.0,0.0
unique_best,32,20000,0.25,0.75,0.65,5000,5000,100000000.0,2000000000000.0,0,1,77777,1.0,0.0,0.0,0.0,20000.0,0.0
unique_best,32,20000,0.25,0.75,0.7000000000000001,5000,5000,100000000.0,2000000000000.0,0,1,77777,1.0,0.0,0.0,0.0,20000.0,0.0
unique_best,32,20000,0.25,0.75,0.75,5000,5000,100000000.0,2000000000000.0,0,1,77777,1.0,0.0,0.0,0.0,20000.0,0.0
unique_best,32,20000,0.25,0.75,0.8,5000,5000,100000000.0,2000000000000.0,0,1,77777,1.0,0.0,0.0,0.0,20000.0,0.0
unique_best,32,20000,0.25,0.75,0.8500000000000001,5000,5000,100000000.0,2000000000000.0,0,1,77777,1.0,0.0,0.0,0.0,20000.0,0.0
unique_best,32,20000,0.25,0.75,0.9,5000,5000,100000000.0,2000000000000.0,0,1,77777,1.0,0.0,0.0,0.0,20000.0,0.0
unique_best,32,20000,0.25,0.75,0.9500000000000001,5000,5000,100000000.0,2000000000000.0,0,1,77777,1.0,0.0,0.0,0.0,20000.0,0.0
unique_best,32,20000,0.25,0.75,1.0,5000,5000,100000000.0,2000000000000.0,0,1,77777,1.0,0.0,0.0,0.0,20000.0,0.0
unique_best,32,20000,0.5,0.5,0.0,5000,4992,100000000.0,2000000000000.0,0,1,77777,0.9984,0.039967987189750316,0.0005652326954449902,0.0011078560830721806,20000.0,0.0
unique_best,32,20000,0.5,0.5,0.05,5000,4676,100000000.0,2000000000000.0,0,1,77777,0.9352,0.24617262236081408,0.003481406612276135,0.006823556960061225,20000.0,0.0
unique_best,32,20000,0.5,0.5,0.1,5000,4946,100000000.0,2000000000000.0,0,1,77777,0.9892,0.10336034055671464,0.001461735954268077,0.002865002470365431,20000.0,0.0
unique_best,32,20000,0.5,0.5,0.15000000000000002,5000,4983,100000000.0,2000000000000.0,0,1,77777,0.9966,0.05821030836544296,0.0008232180756032947,0.0016135074281824575,20000.0,0.0
unique_best,32,20000,0.5,0.5,0.2,5000,4996,100000000.0,2000000000000.0,0,1,77777,0.9992,0.02827295527531607,0.00039983996798719927,0.0007836863372549105,20000.0,0.0
unique_best,32,20000,0.5,0.5,0.25,5000,4998,100000000.0,2000000000000.0,0,1,77777,0.9996,0.01999599959991888,0.0002827861382741226,0.0005542608310172803,20000.0,0.0
unique_best,32,20000,0.5,0.5,0.30000000000000004,5000,4999,100000000.0,2000000000000.0,0,1,77777,0.9998,0.01414072133945005,0.00019997999899988897,0.0003919607980397824,20000.0,0.0
unique_best,32,20000,0.5,0.5,0.35000000000000003,5000,5000,100000000.0,2000000000000.0,0,1,77777,1.0,0.0,0.0,0.0,20000.0,0.0
unique_best,32,20000,0.5,0.5,0.4,5000,5000,100000000.0,2000000000000.0,0,1,77777,1.0,0.0,0.0,0.0,20000.0,0.0
unique_best,32,20000,0.5,0.5,0.45,5000,4999,100000000.0,2000000000000.0,0,1,77777,0.9998,0.01414072133945005,0.00019997999899988897,0.0003919607980397824,20000.0,0.0
unique_best,32,20000,0.5,0.5,0.5,5000,5000,100000000.0,2000000000000.0,0,1,77777,1.0,0.0,0.0,0.0,20000.0,0.0
unique_best,32,20000,0.5,0.5,0.55,5000,5000,100000000.0,2000000000000.0,0,1,77777,1.0,0.0,0.0,0.0,20000.0,0.0
unique_best,32,20000,0.5,0.5,0.6000000000000001,5000,5000,100000000.0,2000000000000.0,0,1,77777,1.0,0.0,0.0,0.0,20000.0,0.0
unique_best,32,20000,0.5,0.5,0.65,5000,5000,100000000.0,2000000000000.0,0,1,77777,1.0,0.0,0.0,0.0,20000.0,0.0
unique_best,32,20000,0.5,0.5,0.7000000000000001,5000,5000,100000000.0,2000000000000.0,0,1,77777,1.0,0.0,0.0,0.0,20000.0,0.0
unique_best,32,20000,0.5,0.5,0.75,5000,4999,100000000.0,2000000000000.0,0,1,77777,0.9998,0.01414072133945005,0.00019997999899988897,0.0003919607980397824,20000.0,0.0
unique_best,32,20000,0.5,0.5,0.8,5000,4999,100000000.0,2000000000000.0,0,1,77777,0.9998,0.01414072133945005,0.00019997999899988897,0.0003919607980397824,20000.0,0.0
unique_best,32,20000,0.5,0.5,0.8500000000000001,5000,5000,100000000.0,2000000000000.0,0,1,77777,1.0,0.0,0.0,0.0,20000.0,0.0
unique_best,32,20000,0.5,0.5,0.9,5000,4998,100000000.0,2000000000000.0,0,1,77777,0.9996,0.01999599959991888,0.0002827861382741226,0.0005542608310172803,20000.0,0.0
unique_best,32,20000,0.5,0.5,0.9500000000000001,5000,4979,100000000.0,2000000000000.0,0,1,77777,0.9958,0.06467116822819874,0.0009145884320283066,0.001792593326775481,20000.0,0.0
unique_best,32,20000,0.5,0.5,1.0,5000,5000,100000000.0,2000000000000.0,0,1,77777,1.0,0.0,0.0,0.0,20000.0,0.0
unique_best,32,20000,0.75,0.25,0.0,5000,4992,100000000.0,2000000000000.0,0,1,77777,0.9984,0.039967987189750316,0.0005652326954449902,0.0011078560830721806,20000.0,0.0
unique_best,32,20000,0.75,0.25,0.05,5000,4954,100000000.0,2000000000000.0,0,1,77777,0.9908,0.09547439447307317,0.0013502118352317894,0.002646415197054307,20000.0,0.0
unique_best,32,20000,0.75,0.25,0.1,5000,4994,100000000.0,2000000000000.0,0,1,77777,0.9988,0.03462022530255947,0.0004896039215529179,0.000959623686243719,20000.0,0.0
unique_best,32,20000,0.75,0.25,0.15000000000000002,5000,4999,100000000.0,2000000000000.0,0,1,77777,0.9998,0.01414072133945005,0.00019997999899988897,0.0003919607980397824,20000.0,0.0
unique_best,32,20000,0.75,0.25,0.2,5000,4998,100000000.0,2000000000000.0,0,1,77777,0.9996,0.01999599959991888,0.0002827861382741226,0.0005542608310172803,20000.0,0.0
unique_best,32,20000,0.75,0.25,0.25,5000,4999,100000000.0,2000000000000.0,0,1,77777,0.9998,0.01414072133945005,0.00019997999899988897,0.0003919607980397824,20000.0,0.0
unique_best,32,20000,0.75,0.25,0.30000000000000004,5000,5000,100000000.0,2000000000000.0,0,1,77777,1.0,0.0,0.0,0.0,20000.0,0.0
unique_best,32,20000,0.75,0.25,0.35000000000000003,5000,4997,100000000.0,2000000000000.0,0,1,77777,0.9994,0.02448754785600316,0.0003463062228721987,0.0006787601968295094,20000.0,0.0
unique_best,32,20000,0.75,0.25,0.4,5000,4997,100000000.0,2000000000000.0,0,1,77777,0.9994,0.02448754785600316,0.0003463062228721987,0.0006787601968295094,20000.0,0.0
unique_best,32,20000,0.75,0.25,0.45,5000,4997,100000000.0,2000000000000.0,0,1,77777,0.9994,0.02448754785600316,0.0003463062228721987,0.0006787601968295094,20000.0,0.0
unique_best,32,20000,0.75,0.25,0.5,5000,4996,100000000.0,2000000000000.0,0,1,77777,0.9992,0.02827295527531607,0.00039983996798719927,0.0007836863372549105,20000.0,0.0
unique_best,32,20000,0.75,0.25,0.55,5000,4991,100000000.0,2000000000000.0,0,1,77777,0.9982,0.042388205906832434,0.0005994597567810576,0.0011749411232908728,20000.0,0.0
unique_best,32,20000,0.75,0.25,0.6000000000000001,5000,4984,100000000.0,2000000000000.0,0,1,77777,0.9968,0.05647796030311276,0.0007987189743583133,0.0015654891897422941,20000.0,0.0
unique_best,32,20000,0.75,0.25,0.65,5000,4976,100000000.0,2000000000000.0,0,1,77777,0.9952,0.06911555541265675,0.0009774415583552836,0.0019157854543763557,20000.0,0.0
unique_best,32,20000,0.75,0.25,0.7000000000000001,5000,4959,100000000.0,2000000000000.0,0,1,77777,0.9918,0.0901818163489735,0.0012753634776015803,0.0024997124160990973,20000.0,0.0
unique_best,32,20000,0.75,0.25,0.75,5000,4944,100000000.0,2000000000000.0,0,1,77777,0.9888,0.10523573537539417,0.0014882580421418851,0.002916985762598095,20000.0,0.0
unique_best,32,20000,0.75,0.25,0.8,5000,4916,100000000.0,2000000000000.0,0,1,77777,0.9832,0.12852143790045314,0.0018175676053451234,0.003562432506476442,20000.0,0.0
unique_best,32,20000,0.75,0.25,0.8500000000000001,5000,4852,100000000.0,2000000000000.0,0,1,77777,0.9704,0.16948109039063905,0.0023968245659622216,0.004697776149285954,20000.0,0.0
unique_best,32,20000,0.75,0.25,0.9,5000,4753,100000000.0,2000000000000.0,0,1,77777,0.9506,0.21670173049608993,0.003064625262572897,0.006006665514642878,20000.0,0.0
unique_best,32,20000,0.75,0.25,0.9500000000000001,5000,4404,100000000.0,2000000000000.0,0,1,77777,0.8808,0.32402370283669063,0.004582387150819974,0.008981478815607149,20000.0,0.0
unique_best,32,20000,0.75,0.25,1.0,5000,5000,100000000.0,2000000000000.0,0,1,77777,1.0,0.0,0.0,0.0,20000.0,0.0
unique_best,32,20000,1.0,0.0,0.0,5000,4992,100000000.0,2000000000000.0,0,1,77777,0.9984,0.039967987189750316,0.0005652326954449902,0.0011078560830721806,20000.0,0.0
unique_best,32,20000,1.0,0.0,0.05,5000,4990,100000000.0,2000000000000.0,0,1,77777,0.998,0.04467661580737737,0.0006318227599572528,0.0012383726095162154,20000.0,0.0
unique_best,32,20000,1.0,0.0,0.1,5000,4986,100000000.0,2000000000000.0,0,1,77777,0.9972,0.05284089325512982,0.0007472830788931359,0.0014646748346305463,20000.0,0.0
unique_best,32,20000,1.0,0.0,0.15000000000000002,5000,4988,100000000.0,2000000000000.0,0,1,77777,0.9976,0.04893097178679326,0.000691988439209783,0.0013562973408511746,20000.0,0.0
unique_best,32,20000,1.0,0.0,0.2,5000,4977,100000000.0,2000000000000.0,0,1,77777,0.9954,0.06766712643521999,0.0009569576793150309,0.0018756370514574606,20000.0,0.0
unique_best,32,20000,1.0,0.0,0.25,5000,4971,100000000.0,2000000000000.0,0,1,77777,0.9942,0.07593655246322437,0.0010739050237334796,0.00210485384651762,20000.0,0.0
unique_best,32,20000,1.0,0.0,0.30000000000000004,5000,4952,100000000.0,2000000000000.0,0,1,77777,0.9904,0.09750815350523284,0.0013789735312905794,0.0027027881213295356,20000.0,0.0
unique_best,32,20000,1.0,0.0,0.35000000000000003,5000,4946,100000000.0,2000000000000.0,0,1,77777,0.9892,0.10336034055671464,0.001461735954268077,0.002865002470365431,20000.0,0.0
unique_best,32,20000,1.0,0.0,0.4,5000,4931,100000000.0,2000000000000.0,0,1,77777,0.9862,0.11666001885821908,0.0016498218085599446,0.0032336507447774912,20000.0,0.0
unique_best,32,20000,1.0,0.0,0.45,5000,4895,100000000.0,2000000000000.0,0,1,77777,0.979,0.1433840995368734,0.002027757381937002,0.0039744044685965235,20000.0,0.0
unique_best,32,20000,1.0,0.0,0.5,5000,4857,100000000.0,2000000000000.0,0,1,77777,0.9714,0.1666794528428743,0.002357203427793196,0.004620118718474664,20000.0,0.0
unique_best,32,20000,1.0,0.0,0.55,5000,4816,100000000.0,2000000000000.0,0,1,77777,0.9632,0.18827044377703062,0.0026625461498347796,0.005218590453676168,20000.0,0.0
unique_best,32,20000,1.0,0.0,0.6000000000000001,5000,4761,100000000.0,2000000000000.0,0,1,77777,0.9522,0.21334282270561614,0.0030171231330524103,0.005913561340782724,20000.0,0.0
unique_best,32,20000,1.0,0.0,0.65,5000,4701,100000000.0,2000000000000.0,0,1,77777,0.9402,0.2371159210175478,0.003353325513576037,0.006572518006609032,20000.0,0.0
unique_best,32,20000,1.0,0.0,0.7000000000000001,5000,4605,100000000.0,2000000000000.0,0,1,77777,0.921,0.2697387625092099,0.0038146821623825998,0.0074767770382698955,20000.0,0.0
unique_best,32,20000,1.0,0.0,0.75,5000,4500,100000000.0,2000000000000.0,0,1,77777,0.9,0.3,0.004242640687119285,0.008315575746753798,20000.0,0.0
unique_best,32,20000,1.0,0.0,0.8,5000,4339,100000000.0,2000000000000.0,0,1,77777,0.8678,0.3387080748963626,0.0047900555320371805,0.009388508842792874,20000.0,0.0
unique_best,32,20000,1.0,0.0,0.8500000000000001,5000,4042,100000000.0,2000000000000.0,0,1,77777,0.8084,0.3935599573127327,0.005565778292386429,0.0109089254530774,20000.0,0.0
unique_best,32,20000,1.0,0.0,0.9,5000,3582,100000000.0,2000000000000.0,0,1,77777,0.7164,0.45074498333314816,0.006374496686013728,0.012494013504586907,20000.0,0.0
unique_best,32,20000,1.0,0.0,0.9500000000000001,5000,2635,100000000.0,2000000000000.0,0,1,77777,0.527,0.499270467782744,0.007060750668307159,0.013839071309882031,20000.0,0.0
unique_best,32,20000,1.0,0.0,1.0,5000,133,100000000.0,2000000000000.0,0,1,77777,0.0266,0.16091127990293283,0.0022756291437754086,0.004460233121799801,20000.0,0.0
